                  epoch,         train/box_loss,         train/cls_loss,         train/dfl_loss,   metrics/precision(B),      metrics/recall(B),       metrics/mAP50(B),    metrics/mAP50-95(B),           val/box_loss,           val/cls_loss,           val/dfl_loss,                 lr/pg0,                 lr/pg1,                 lr/pg2
                      1,                 3.9576,                 4.2553,                 4.2174,                0.00223,                0.20896,                0.00157,                0.00048,                 3.7593,                 3.4982,                 4.0786,                 0.0739,                 0.0029,                 0.0029
                      2,                 3.8375,                 3.9729,                  4.088,                0.00236,                0.22388,                0.00168,                 0.0005,                 3.7125,                  3.375,                 4.0102,               0.046783,              0.0057832,              0.0057832
                      3,                  3.796,                 3.8811,                 3.9906,                0.00213,                    0.2,                0.00155,                0.00045,                  3.669,                 3.3554,                 3.9403,               0.019548,              0.0085476,              0.0085476
                      4,                 3.6599,                 3.7743,                 3.9119,                0.00229,                0.22687,                0.00165,                0.00045,                 3.5208,                 4.5241,                 5.0383,               0.009406,               0.009406,               0.009406
                      5,                 3.5146,                 3.6959,                   3.77,                 0.0072,                0.04179,                 0.0031,                 0.0008,                 3.4751,                 42.521,                 6.6684,               0.009406,               0.009406,               0.009406
                      6,                 3.2017,                 3.6304,                 3.5966,                0.04135,                0.03284,                0.00793,                0.00223,                 3.5257,                 5.3246,                 7.0174,               0.009208,               0.009208,               0.009208
                      7,                 3.1416,                 3.4935,                 3.3853,                0.08154,                0.03284,                0.01195,                0.00242,                 3.0659,                 4.2957,                  4.845,                0.00901,                0.00901,                0.00901
                      8,                 3.0096,                 3.3895,                 3.2342,                0.04956,                0.13433,                0.01736,                0.00444,                 2.9916,                 6.6608,                 3.5261,               0.008812,               0.008812,               0.008812
                      9,                 2.9293,                 3.2766,                 3.1441,                0.04012,                0.02687,                0.00942,                0.00223,                  2.924,                 4.5315,                 3.1345,               0.008614,               0.008614,               0.008614
                     10,                 2.8854,                 3.2213,                 3.0377,                0.06503,                0.07463,                 0.0252,                0.00874,                 2.8974,                 4.8826,                 3.1445,               0.008416,               0.008416,               0.008416
                     11,                 2.8466,                 3.1567,                 2.9561,                0.13283,                0.10149,                0.05566,                0.01812,                 2.5693,                 5.5598,                 2.8525,               0.008218,               0.008218,               0.008218
                     12,                 2.7227,                 3.0703,                 2.9092,                 0.1031,                0.11045,                 0.0395,                0.01184,                 2.6775,                 3.4696,                 2.9242,                0.00802,                0.00802,                0.00802
                     13,                 2.6484,                 3.0953,                 2.8893,                0.13949,                0.16418,                0.06859,                0.02247,                 2.4612,                 3.7025,                   2.72,               0.007822,               0.007822,               0.007822
                     14,                 2.6485,                 2.9396,                 2.8085,                0.08803,                0.18806,                0.05935,                0.01904,                 2.4731,                 3.8478,                 2.7506,               0.007624,               0.007624,               0.007624
                     15,                 2.5331,                 2.8354,                 2.7313,                0.19449,                0.17154,                0.10156,                0.03461,                 2.4766,                 3.5794,                  2.757,               0.007426,               0.007426,               0.007426
                     16,                 2.4932,                  2.817,                 2.6915,                0.10834,                0.19403,                0.07899,                0.02618,                 2.4113,                 5.7099,                 2.6492,               0.007228,               0.007228,               0.007228
                     17,                 2.4665,                 2.7466,                 2.6313,                0.20622,                0.19701,                 0.1295,                0.04415,                 2.3943,                 2.9156,                 2.6706,                0.00703,                0.00703,                0.00703
                     18,                 2.4816,                 2.6962,                 2.6209,                0.13584,                0.14627,                0.07416,                0.02625,                 2.5046,                 4.3195,                  2.732,               0.006832,               0.006832,               0.006832
                     19,                 2.3906,                 2.6089,                 2.5703,                0.36738,                0.22985,                0.20354,                 0.0771,                 2.2508,                 2.5256,                 2.5094,               0.006634,               0.006634,               0.006634
                     20,                 2.3588,                 2.5718,                 2.5082,                0.22959,                0.24179,                0.15971,                0.05669,                 2.3602,                  4.685,                 2.6189,               0.006436,               0.006436,               0.006436
                     21,                 2.3151,                 2.6287,                 2.5143,                0.34006,                0.21493,                0.20949,                0.08291,                  2.176,                 2.4426,                 2.4358,               0.006238,               0.006238,               0.006238
                     22,                 2.2882,                  2.527,                 2.4877,                0.32696,                0.24776,                0.23901,                0.09636,                 2.1256,                 2.5054,                 2.4537,                0.00604,                0.00604,                0.00604
                     23,                 2.2726,                 2.4633,                 2.4464,                0.35167,                0.31343,                0.25393,                0.09959,                 2.1453,                 2.7286,                 2.3804,               0.005842,               0.005842,               0.005842
                     24,                 2.2295,                  2.359,                 2.3878,                0.33406,                0.31296,                0.23155,                0.09452,                 2.1052,                 2.3998,                 2.4173,               0.005644,               0.005644,               0.005644
                     25,                 2.2206,                 2.4542,                 2.4249,                0.28234,                0.27363,                0.19864,                0.07339,                 2.1446,                 3.4465,                 2.3964,               0.005446,               0.005446,               0.005446
                     26,                 2.1344,                 2.2987,                 2.3226,                0.31567,                0.26866,                0.19835,                0.07925,                 2.1123,                 2.8677,                 2.3605,               0.005248,               0.005248,               0.005248
                     27,                 2.1787,                 2.3607,                 2.3388,                 0.4981,                0.23881,                0.27785,                0.11484,                 2.0627,                 2.5628,                 2.3336,                0.00505,                0.00505,                0.00505
                     28,                 2.0777,                 2.1954,                 2.2797,                0.42256,                 0.3194,                0.30786,                0.13161,                  2.016,                 2.3857,                 2.3111,               0.004852,               0.004852,               0.004852
                     29,                 2.0676,                 2.1772,                 2.2324,                0.44976,                0.33433,                0.34936,                0.15389,                 1.9534,                 2.4309,                 2.2314,               0.004654,               0.004654,               0.004654
                     30,                 2.0273,                 2.2201,                 2.2379,                0.39466,                0.34627,                0.31776,                0.14203,                 1.9887,                 2.3695,                 2.2834,               0.004456,               0.004456,               0.004456
                     31,                 2.0212,                  2.113,                 2.2416,                0.50227,                0.38806,                0.39701,                0.18217,                 1.8792,                 2.1298,                 2.1353,               0.004258,               0.004258,               0.004258
                     32,                 1.9982,                 2.0574,                 2.1983,                0.44566,                0.39838,                0.39597,                0.18437,                  1.873,                 2.2663,                  2.159,                0.00406,                0.00406,                0.00406
                     33,                 1.9311,                 2.0505,                 2.1922,                0.46943,                0.36183,                0.35463,                0.16756,                 1.8868,                 2.3185,                 2.1794,               0.003862,               0.003862,               0.003862
                     34,                 1.9501,                 2.0283,                 2.1505,                0.55566,                0.38823,                0.41878,                0.19286,                 1.8926,                 2.1304,                 2.1527,               0.003664,               0.003664,               0.003664
                     35,                  1.971,                 2.0228,                 2.1329,                0.47677,                    0.4,                 0.3952,                0.18717,                 1.8735,                 2.2029,                 2.1263,               0.003466,               0.003466,               0.003466
                     36,                 1.8987,                 1.9877,                 2.0876,                0.43266,                0.43881,                0.41484,                 0.1994,                 1.8976,                 2.1119,                 2.1448,               0.003268,               0.003268,               0.003268
                     37,                  1.879,                 1.8944,                 2.0523,                0.49325,                0.42985,                0.42984,                0.20001,                 1.8356,                 2.0599,                 2.0991,                0.00307,                0.00307,                0.00307
                     38,                  1.859,                 1.8388,                 2.0869,                0.55186,                0.42687,                0.46423,                0.22648,                  1.803,                 1.9493,                 2.0524,               0.002872,               0.002872,               0.002872
                     39,                 1.8359,                 1.9761,                 2.1038,                0.48978,                0.38209,                 0.4234,                0.21102,                 1.8427,                 2.0574,                 2.0963,               0.002674,               0.002674,               0.002674
                     40,                 1.8323,                 1.8677,                 2.0673,                0.61611,                0.39285,                0.46422,                0.20979,                  1.923,                 2.0713,                 2.1938,               0.002476,               0.002476,               0.002476
                     41,                 1.8394,                 1.8678,                 2.0335,                0.57005,                0.44723,                0.47863,                0.23491,                 1.7868,                 1.9772,                 2.0487,               0.002278,               0.002278,               0.002278
                     42,                 1.8268,                 1.8694,                  2.032,                0.57421,                0.45075,                0.47875,                0.24002,                 1.8309,                 1.9385,                 2.0775,                0.00208,                0.00208,                0.00208
                     43,                 1.8007,                 1.8042,                 2.0084,                0.53883,                0.47164,                0.48084,                0.24595,                 1.8298,                 1.9944,                 2.0818,               0.001882,               0.001882,               0.001882
                     44,                 1.7761,                 1.8288,                 2.0056,                0.57649,                0.46269,                0.49961,                0.25725,                 1.7747,                 1.9568,                 2.0478,               0.001684,               0.001684,               0.001684
                     45,                 1.7926,                 1.7875,                 2.0167,                0.63765,                0.43582,                0.49742,                0.24674,                 1.7925,                 1.9184,                  2.058,               0.001486,               0.001486,               0.001486
                     46,                 1.7891,                 1.7761,                 1.9734,                0.66458,                 0.4209,                0.51036,                0.25131,                 1.7955,                 1.9246,                 2.0605,               0.001288,               0.001288,               0.001288
                     47,                 1.7843,                 1.7518,                 1.9707,                0.60545,                0.47639,                0.51345,                0.25176,                 1.7947,                 1.8818,                 2.0538,                0.00109,                0.00109,                0.00109
                     48,                 1.7624,                 1.7995,                  2.005,                0.65623,                0.43582,                0.51957,                0.26302,                 1.7965,                 1.8815,                  2.069,               0.000892,               0.000892,               0.000892
                     49,                 1.7701,                  1.746,                 1.9737,                0.57154,                0.49851,                0.53059,                0.27145,                 1.7448,                 1.8696,                 2.0244,               0.000694,               0.000694,               0.000694
                     50,                 1.7677,                 1.7549,                  1.954,                0.59703,                0.48206,                0.53504,                0.26765,                 1.7807,                 1.8639,                 2.0502,               0.000496,               0.000496,               0.000496
